Dist Code,Year,State Code,State Name,Dist Name,RICE IRRIGATED AREA (1000 ha),irrig_clean
165,1990,9,Punjab,Gurdaspur,173.1,173.1
165,1991,9,Punjab,Gurdaspur,162.6,162.6
165,1992,9,Punjab,Gurdaspur,166.3,166.3
165,1993,9,Punjab,Gurdaspur,172.7,172.7
165,1994,9,Punjab,Gurdaspur,174.8,174.8
165,1995,9,Punjab,Gurdaspur,190.0,190.0
165,1996,9,Punjab,Gurdaspur,170.0,170.0
165,1997,9,Punjab,Gurdaspur,164.9,164.9
165,1998,9,Punjab,Gurdaspur,170.3,170.3
165,1999,9,Punjab,Gurdaspur,182.0,182.0
165,2000,9,Punjab,Gurdaspur,176.12,176.12
165,2001,9,Punjab,Gurdaspur,179.53,179.53
165,2002,9,Punjab,Gurdaspur,177.25,177.25
165,2003,9,Punjab,Gurdaspur,180.24,180.24
165,2004,9,Punjab,Gurdaspur,191.23,191.23
165,2005,9,Punjab,Gurdaspur,178.0,178.0
165,2006,9,Punjab,Gurdaspur,189.44,189.44
165,2007,9,Punjab,Gurdaspur,180.44,180.44
165,2008,9,Punjab,Gurdaspur,188.27,188.27
165,2009,9,Punjab,Gurdaspur,192.45,192.45
165,2010,9,Punjab,Gurdaspur,192.9,192.9
165,2011,9,Punjab,Gurdaspur,169.98,169.98
165,2012,9,Punjab,Gurdaspur,170.46,170.46
165,2013,9,Punjab,Gurdaspur,169.11,169.11
165,2014,9,Punjab,Gurdaspur,169.49,169.49
165,2015,9,Punjab,Gurdaspur,172.66,172.66
165,2016,9,Punjab,Gurdaspur,172.57,172.57
165,2017,9,Punjab,Gurdaspur,165.49,165.49
165,2018,9,Punjab,Gurdaspur,168.891,168.891
165,2019,9,Punjab,Gurdaspur,170.573,170.573
166,1990,9,Punjab,Amritsar,278.2,278.2
166,1991,9,Punjab,Amritsar,283.6,283.6
166,1992,9,Punjab,Amritsar,286.0,286.0
166,1993,9,Punjab,Amritsar,288.9,288.9
166,1994,9,Punjab,Amritsar,297.8,297.8
166,1995,9,Punjab,Amritsar,304.2,304.2
166,1996,9,Punjab,Amritsar,286.0,286.0
166,1997,9,Punjab,Amritsar,292.2,292.2
166,1998,9,Punjab,Amritsar,304.59,304.59
166,1999,9,Punjab,Amritsar,316.66,316.66
166,2000,9,Punjab,Amritsar,317.97,317.97
166,2001,9,Punjab,Amritsar,318.94,318.94
166,2002,9,Punjab,Amritsar,310.96,310.96
166,2003,9,Punjab,Amritsar,326.1,326.1
166,2004,9,Punjab,Amritsar,333.88,333.88
166,2005,9,Punjab,Amritsar,178.49,178.49
166,2006,9,Punjab,Amritsar,178.45,178.45
166,2007,9,Punjab,Amritsar,178.0,178.0
166,2008,9,Punjab,Amritsar,183.19,183.19
166,2009,9,Punjab,Amritsar,185.19,185.19
166,2010,9,Punjab,Amritsar,186.3,186.3
166,2011,9,Punjab,Amritsar,183.58,183.58
166,2012,9,Punjab,Amritsar,184.77,184.77
166,2013,9,Punjab,Amritsar,181.76,181.76
166,2014,9,Punjab,Amritsar,182.37,182.37
166,2015,9,Punjab,Amritsar,180.77,180.77
166,2016,9,Punjab,Amritsar,179.51,179.51
166,2017,9,Punjab,Amritsar,179.51,179.51
166,2018,9,Punjab,Amritsar,179.514,179.514
166,2019,9,Punjab,Amritsar,180.964,180.964
167,1990,9,Punjab,Kapurthala,97.1,97.1
167,1991,9,Punjab,Kapurthala,97.0,97.0
167,1992,9,Punjab,Kapurthala,96.8,96.8
167,1993,9,Punjab,Kapurthala,101.7,101.7
167,1994,9,Punjab,Kapurthala,100.9,100.9
167,1995,9,Punjab,Kapurthala,102.3,102.3
167,1996,9,Punjab,Kapurthala,95.5,95.5
167,1997,9,Punjab,Kapurthala,96.7,96.7
167,1998,9,Punjab,Kapurthala,99.2,99.2
167,1999,9,Punjab,Kapurthala,99.89,99.89
167,2000,9,Punjab,Kapurthala,103.04,103.04
167,2001,9,Punjab,Kapurthala,103.45,103.45
167,2002,9,Punjab,Kapurthala,101.85,101.85
167,2003,9,Punjab,Kapurthala,103.74,103.74
167,2004,9,Punjab,Kapurthala,105.41,105.41
167,2005,9,Punjab,Kapurthala,108.44,108.44
167,2006,9,Punjab,Kapurthala,109.94,109.94
167,2007,9,Punjab,Kapurthala,109.83,109.83
167,2008,9,Punjab,Kapurthala,113.9,113.9
167,2009,9,Punjab,Kapurthala,115.31,115.31
167,2010,9,Punjab,Kapurthala,117.8,117.8
167,2011,9,Punjab,Kapurthala,118.29,118.29
167,2012,9,Punjab,Kapurthala,116.47,116.47
167,2013,9,Punjab,Kapurthala,116.72,116.72
167,2014,9,Punjab,Kapurthala,116.66,116.66
167,2015,9,Punjab,Kapurthala,117.35,117.35
167,2016,9,Punjab,Kapurthala,118.16,118.16
167,2017,9,Punjab,Kapurthala,118.42,118.42
167,2018,9,Punjab,Kapurthala,117.561,117.561
167,2019,9,Punjab,Kapurthala,120.183,120.183
168,1990,9,Punjab,Jalandhar,157.6,157.6
168,1991,9,Punjab,Jalandhar,157.0,157.0
168,1992,9,Punjab,Jalandhar,153.8,153.8
168,1993,9,Punjab,Jalandhar,159.7,159.7
168,1994,9,Punjab,Jalandhar,166.8,166.8
168,1995,9,Punjab,Jalandhar,112.5,112.5
168,1996,9,Punjab,Jalandhar,118.3,118.3
168,1997,9,Punjab,Jalandhar,125.6,125.6
168,1998,9,Punjab,Jalandhar,133.3,133.3
168,1999,9,Punjab,Jalandhar,132.98,132.98
168,2000,9,Punjab,Jalandhar,135.74,135.74
168,2001,9,Punjab,Jalandhar,131.97,131.97
168,2002,9,Punjab,Jalandhar,132.74,132.74
168,2003,9,Punjab,Jalandhar,138.4,138.4
168,2004,9,Punjab,Jalandhar,145.06,145.06
168,2005,9,Punjab,Jalandhar,150.47,150.47
168,2006,9,Punjab,Jalandhar,146.99,146.99
168,2007,9,Punjab,Jalandhar,149.0,149.0
168,2008,9,Punjab,Jalandhar,155.1,155.1
168,2009,9,Punjab,Jalandhar,160.89,160.89
168,2010,9,Punjab,Jalandhar,163.1,163.1
168,2011,9,Punjab,Jalandhar,165.52,165.52
168,2012,9,Punjab,Jalandhar,165.03,165.03
168,2013,9,Punjab,Jalandhar,166.62,166.62
168,2014,9,Punjab,Jalandhar,167.18,167.18
168,2015,9,Punjab,Jalandhar,167.0,167.0
168,2016,9,Punjab,Jalandhar,170.27,170.27
168,2017,9,Punjab,Jalandhar,170.72,170.72
168,2018,9,Punjab,Jalandhar,172.273,172.273
168,2019,9,Punjab,Jalandhar,174.996,174.996
169,1990,9,Punjab,Hoshiarpur,63.1,63.1
169,1991,9,Punjab,Hoshiarpur,56.3,56.3
169,1992,9,Punjab,Hoshiarpur,54.4,54.4
169,1993,9,Punjab,Hoshiarpur,51.4,51.4
169,1994,9,Punjab,Hoshiarpur,56.8,56.8
169,1995,9,Punjab,Hoshiarpur,51.4,51.4
169,1996,9,Punjab,Hoshiarpur,50.6,50.6
169,1997,9,Punjab,Hoshiarpur,55.2,55.2
169,1998,9,Punjab,Hoshiarpur,57.1,57.1
169,1999,9,Punjab,Hoshiarpur,60.83,60.83
169,2000,9,Punjab,Hoshiarpur,61.97,61.97
169,2001,9,Punjab,Hoshiarpur,58.87,58.87
169,2002,9,Punjab,Hoshiarpur,54.12,54.12
169,2003,9,Punjab,Hoshiarpur,57.42,57.42
169,2004,9,Punjab,Hoshiarpur,58.01,58.01
169,2005,9,Punjab,Hoshiarpur,60.59,60.59
169,2006,9,Punjab,Hoshiarpur,56.06,56.06
169,2007,9,Punjab,Hoshiarpur,55.47,55.47
169,2008,9,Punjab,Hoshiarpur,60.05,60.05
169,2009,9,Punjab,Hoshiarpur,70.2,70.2
169,2010,9,Punjab,Hoshiarpur,72.2,72.2
169,2011,9,Punjab,Hoshiarpur,73.98,73.98
169,2012,9,Punjab,Hoshiarpur,69.92,69.92
169,2013,9,Punjab,Hoshiarpur,70.17,70.17
169,2014,9,Punjab,Hoshiarpur,71.11,71.11
169,2015,9,Punjab,Hoshiarpur,68.98,68.98
169,2016,9,Punjab,Hoshiarpur,72.67,72.67
169,2017,9,Punjab,Hoshiarpur,74.7,74.7
169,2018,9,Punjab,Hoshiarpur,75.403,75.403
169,2019,9,Punjab,Hoshiarpur,78.129,78.129
170,1990,9,Punjab,Roopnagar,35.9,35.9
170,1991,9,Punjab,Roopnagar,36.3,36.3
170,1992,9,Punjab,Roopnagar,41.2,41.2
170,1993,9,Punjab,Roopnagar,36.3,36.3
170,1994,9,Punjab,Roopnagar,36.9,36.9
170,1995,9,Punjab,Roopnagar,37.1,37.1
170,1996,9,Punjab,Roopnagar,39.3,39.3
170,1997,9,Punjab,Roopnagar,42.3,42.3
170,1998,9,Punjab,Roopnagar,46.21,46.21
170,1999,9,Punjab,Roopnagar,49.84,49.84
170,2000,9,Punjab,Roopnagar,48.39,48.39
170,2001,9,Punjab,Roopnagar,50.93,50.93
170,2002,9,Punjab,Roopnagar,44.13,44.13
170,2003,9,Punjab,Roopnagar,51.3,51.3
170,2004,9,Punjab,Roopnagar,48.92,48.92
170,2005,9,Punjab,Roopnagar,36.83,36.83
170,2006,9,Punjab,Roopnagar,37.39,37.39
170,2007,9,Punjab,Roopnagar,27.49,27.49
170,2008,9,Punjab,Roopnagar,35.91,35.91
170,2009,9,Punjab,Roopnagar,37.51,37.51
170,2010,9,Punjab,Roopnagar,37.5,37.5
170,2011,9,Punjab,Roopnagar,38.01,38.01
170,2012,9,Punjab,Roopnagar,38.07,38.07
170,2013,9,Punjab,Roopnagar,37.0,37.0
170,2014,9,Punjab,Roopnagar,36.29,36.29
170,2015,9,Punjab,Roopnagar,37.23,37.23
170,2016,9,Punjab,Roopnagar,37.77,37.77
170,2017,9,Punjab,Roopnagar,39.84,39.84
170,2018,9,Punjab,Roopnagar,40.76,40.76
170,2019,9,Punjab,Roopnagar,40.424,40.424
171,1990,9,Punjab,Ludhiana,224.8,224.8
171,1991,9,Punjab,Ludhiana,230.5,230.5
171,1992,9,Punjab,Ludhiana,226.2,226.2
171,1993,9,Punjab,Ludhiana,233.2,233.2
171,1994,9,Punjab,Ludhiana,243.8,243.8
171,1995,9,Punjab,Ludhiana,228.3,228.3
171,1996,9,Punjab,Ludhiana,226.3,226.3
171,1997,9,Punjab,Ludhiana,233.6,233.6
171,1998,9,Punjab,Ludhiana,241.12,241.12
171,1999,9,Punjab,Ludhiana,236.93,236.93
171,2000,9,Punjab,Ludhiana,238.27,238.27
171,2001,9,Punjab,Ludhiana,234.54,234.54
171,2002,9,Punjab,Ludhiana,236.17,236.17
171,2003,9,Punjab,Ludhiana,240.97,240.97
171,2004,9,Punjab,Ludhiana,246.94,246.94
171,2005,9,Punjab,Ludhiana,249.71,249.71
171,2006,9,Punjab,Ludhiana,248.55,248.55
171,2007,9,Punjab,Ludhiana,249.83,249.83
171,2008,9,Punjab,Ludhiana,254.04,254.04
171,2009,9,Punjab,Ludhiana,256.49,256.49
171,2010,9,Punjab,Ludhiana,257.1,257.1
171,2011,9,Punjab,Ludhiana,257.41,257.41
171,2012,9,Punjab,Ludhiana,256.55,256.55
171,2013,9,Punjab,Ludhiana,183.23,183.23
171,2014,9,Punjab,Ludhiana,256.55,256.55
171,2015,9,Punjab,Ludhiana,257.3,257.3
171,2016,9,Punjab,Ludhiana,258.66,258.66
171,2017,9,Punjab,Ludhiana,257.47,257.47
171,2018,9,Punjab,Ludhiana,258.661,258.661
171,2019,9,Punjab,Ludhiana,259.046,259.046
172,1990,9,Punjab,Ferozpur,229.8,229.8
172,1991,9,Punjab,Ferozpur,233.2,233.2
172,1992,9,Punjab,Ferozpur,230.7,230.7
172,1993,9,Punjab,Ferozpur,221.0,221.0
172,1994,9,Punjab,Ferozpur,221.0,221.0
172,1995,9,Punjab,Ferozpur,232.3,232.3
172,1996,9,Punjab,Ferozpur,227.3,227.3
172,1997,9,Punjab,Ferozpur,252.0,252.0
172,1998,9,Punjab,Ferozpur,275.2,275.2
172,1999,9,Punjab,Ferozpur,279.55,279.55
172,2000,9,Punjab,Ferozpur,248.36,248.36
172,2001,9,Punjab,Ferozpur,230.03,230.03
172,2002,9,Punjab,Ferozpur,233.67,233.67
172,2003,9,Punjab,Ferozpur,243.53,243.53
172,2004,9,Punjab,Ferozpur,237.96,237.96
172,2005,9,Punjab,Ferozpur,235.56,235.56
172,2006,9,Punjab,Ferozpur,234.64,234.64
172,2007,9,Punjab,Ferozpur,242.62,242.62
172,2008,9,Punjab,Ferozpur,259.57,259.57
172,2009,9,Punjab,Ferozpur,262.13,262.13
172,2010,9,Punjab,Ferozpur,257.8,257.8
172,2011,9,Punjab,Ferozpur,243.57,243.57
172,2012,9,Punjab,Ferozpur,263.15,263.15
172,2013,9,Punjab,Ferozpur,256.47,256.47
172,2014,9,Punjab,Ferozpur,189.19,189.19
172,2015,9,Punjab,Ferozpur,187.07,187.07
172,2016,9,Punjab,Ferozpur,186.59,186.59
172,2017,9,Punjab,Ferozpur,185.19,185.19
172,2018,9,Punjab,Ferozpur,185.643,185.643
172,2019,9,Punjab,Ferozpur,190.546,190.546
173,1990,9,Punjab,Faridkot,137.6,137.6
173,1991,9,Punjab,Faridkot,147.7,147.7
173,1992,9,Punjab,Faridkot,140.3,140.3
173,1993,9,Punjab,Faridkot,158.7,158.7
173,1994,9,Punjab,Faridkot,174.6,174.6
173,1995,9,Punjab,Faridkot,37.7,37.7
173,1996,9,Punjab,Faridkot,45.7,45.7
173,1997,9,Punjab,Faridkot,56.0,56.0
173,1998,9,Punjab,Faridkot,82.09,82.09
173,1999,9,Punjab,Faridkot,89.91,89.91
173,2000,9,Punjab,Faridkot,89.93,89.93
173,2001,9,Punjab,Faridkot,69.62,69.62
173,2002,9,Punjab,Faridkot,85.5,85.5
173,2003,9,Punjab,Faridkot,83.91,83.91
173,2004,9,Punjab,Faridkot,87.62,87.62
173,2005,9,Punjab,Faridkot,86.2,86.2
173,2006,9,Punjab,Faridkot,84.7,84.7
173,2007,9,Punjab,Faridkot,86.86,86.86
173,2008,9,Punjab,Faridkot,95.43,95.43
173,2009,9,Punjab,Faridkot,97.82,97.82
173,2010,9,Punjab,Faridkot,101.3,101.3
173,2011,9,Punjab,Faridkot,100.54,100.54
173,2012,9,Punjab,Faridkot,102.31,102.31
173,2013,9,Punjab,Faridkot,104.16,104.16
173,2014,9,Punjab,Faridkot,106.18,106.18
173,2015,9,Punjab,Faridkot,109.39,109.39
173,2016,9,Punjab,Faridkot,114.94,114.94
173,2017,9,Punjab,Faridkot,114.69,114.69
173,2018,9,Punjab,Faridkot,116.326,116.326
173,2019,9,Punjab,Faridkot,115.874,115.874
174,1990,9,Punjab,Bhatinda,50.2,50.2
174,1991,9,Punjab,Bhatinda,63.7,63.7
174,1992,9,Punjab,Bhatinda,32.2,32.2
174,1993,9,Punjab,Bhatinda,45.7,45.7
174,1994,9,Punjab,Bhatinda,52.4,52.4
174,1995,9,Punjab,Bhatinda,38.8,38.8
174,1996,9,Punjab,Bhatinda,43.9,43.9
174,1997,9,Punjab,Bhatinda,52.7,52.7
174,1998,9,Punjab,Bhatinda,84.0,84.0
174,1999,9,Punjab,Bhatinda,99.02,99.02
174,2000,9,Punjab,Bhatinda,99.21,99.21
174,2001,9,Punjab,Bhatinda,82.49,82.49
174,2002,9,Punjab,Bhatinda,107.01,107.01
174,2003,9,Punjab,Bhatinda,104.73,104.73
174,2004,9,Punjab,Bhatinda,101.94,101.94
174,2005,9,Punjab,Bhatinda,94.85,94.85
174,2006,9,Punjab,Bhatinda,86.83,86.83
174,2007,9,Punjab,Bhatinda,86.1,86.1
174,2008,9,Punjab,Bhatinda,96.79,96.79
174,2009,9,Punjab,Bhatinda,103.76,103.76
174,2010,9,Punjab,Bhatinda,106.7,106.7
174,2011,9,Punjab,Bhatinda,101.27,101.27
174,2012,9,Punjab,Bhatinda,107.2,107.2
174,2013,9,Punjab,Bhatinda,111.3,111.3
174,2014,9,Punjab,Bhatinda,118.85,118.85
174,2015,9,Punjab,Bhatinda,136.68,136.68
174,2016,9,Punjab,Bhatinda,152.15,152.15
174,2017,9,Punjab,Bhatinda,159.92,159.92
174,2018,9,Punjab,Bhatinda,166.995,166.995
174,2019,9,Punjab,Bhatinda,179.091,179.091
175,1990,9,Punjab,Sangrur,286.7,286.7
175,1991,9,Punjab,Sangrur,300.9,300.9
175,1992,9,Punjab,Sangrur,301.9,301.9
175,1993,9,Punjab,Sangrur,326.4,326.4
175,1994,9,Punjab,Sangrur,326.4,326.4
175,1995,9,Punjab,Sangrur,319.4,319.4
175,1996,9,Punjab,Sangrur,308.6,308.6
175,1997,9,Punjab,Sangrur,332.6,332.6
175,1998,9,Punjab,Sangrur,353.36,353.36
175,1999,9,Punjab,Sangrur,359.52,359.52
175,2000,9,Punjab,Sangrur,353.99,353.99
175,2001,9,Punjab,Sangrur,348.59,348.59
175,2002,9,Punjab,Sangrur,351.83,351.83
175,2003,9,Punjab,Sangrur,366.04,366.04
175,2004,9,Punjab,Sangrur,367.07,367.07
175,2005,9,Punjab,Sangrur,366.6,366.6
175,2006,9,Punjab,Sangrur,262.45,262.45
175,2007,9,Punjab,Sangrur,262.12,262.12
175,2008,9,Punjab,Sangrur,266.8,266.8
175,2009,9,Punjab,Sangrur,270.69,270.69
175,2010,9,Punjab,Sangrur,272.4,272.4
175,2011,9,Punjab,Sangrur,274.02,274.02
175,2012,9,Punjab,Sangrur,276.16,276.16
175,2013,9,Punjab,Sangrur,273.03,273.03
175,2014,9,Punjab,Sangrur,271.37,271.37
175,2015,9,Punjab,Sangrur,274.39,274.39
175,2016,9,Punjab,Sangrur,279.46,279.46
175,2017,9,Punjab,Sangrur,284.13,284.13
175,2018,9,Punjab,Sangrur,287.052,287.052
175,2019,9,Punjab,Sangrur,288.98,288.98
176,1990,9,Punjab,Patiala,276.7,276.7
176,1991,9,Punjab,Patiala,284.9,284.9
176,1992,9,Punjab,Patiala,216.5,216.5
176,1993,9,Punjab,Patiala,239.5,239.5
176,1994,9,Punjab,Patiala,237.4,237.4
176,1995,9,Punjab,Patiala,233.9,233.9
176,1996,9,Punjab,Patiala,229.6,229.6
176,1997,9,Punjab,Patiala,240.1,240.1
176,1998,9,Punjab,Patiala,246.14,246.14
176,1999,9,Punjab,Patiala,250.77,250.77
176,2000,9,Punjab,Patiala,255.11,255.11
176,2001,9,Punjab,Patiala,249.77,249.77
176,2002,9,Punjab,Patiala,237.28,237.28
176,2003,9,Punjab,Patiala,245.07,245.07
176,2004,9,Punjab,Patiala,249.46,249.46
176,2005,9,Punjab,Patiala,237.81,237.81
176,2006,9,Punjab,Patiala,236.95,236.95
176,2007,9,Punjab,Patiala,233.79,233.79
176,2008,9,Punjab,Patiala,238.29,238.29
176,2009,9,Punjab,Patiala,234.01,234.01
176,2010,9,Punjab,Patiala,234.4,234.4
176,2011,9,Punjab,Patiala,233.49,233.49
176,2012,9,Punjab,Patiala,233.14,233.14
176,2013,9,Punjab,Patiala,230.98,230.98
176,2014,9,Punjab,Patiala,229.64,229.64
176,2015,9,Punjab,Patiala,229.79,229.79
176,2016,9,Punjab,Patiala,231.97,231.97
176,2017,9,Punjab,Patiala,232.99,232.99
176,2018,9,Punjab,Patiala,234.406,234.406
176,2019,9,Punjab,Patiala,234.791,234.791
545,1992,9,Punjab,Mansa,31.8,31.8
545,1993,9,Punjab,Mansa,47.3,47.3
545,1994,9,Punjab,Mansa,57.7,57.7
545,1995,9,Punjab,Mansa,49.8,49.8
545,1996,9,Punjab,Mansa,53.9,53.9
545,1997,9,Punjab,Mansa,58.1,58.1
545,1998,9,Punjab,Mansa,83.92,83.92
545,1999,9,Punjab,Mansa,91.01,91.01
545,2000,9,Punjab,Mansa,83.5,83.5
545,2001,9,Punjab,Mansa,68.26,68.26
545,2002,9,Punjab,Mansa,87.62,87.62
545,2003,9,Punjab,Mansa,78.23,78.23
545,2004,9,Punjab,Mansa,75.27,75.27
545,2005,9,Punjab,Mansa,70.33,70.33
545,2006,9,Punjab,Mansa,62.46,62.46
545,2007,9,Punjab,Mansa,61.1,61.1
545,2008,9,Punjab,Mansa,70.78,70.78
545,2009,9,Punjab,Mansa,77.05,77.05
545,2010,9,Punjab,Mansa,77.9,77.9
545,2011,9,Punjab,Mansa,73.92,73.92
545,2012,9,Punjab,Mansa,77.92,77.92
545,2013,9,Punjab,Mansa,81.09,81.09
545,2014,9,Punjab,Mansa,82.18,82.18
545,2015,9,Punjab,Mansa,92.6,92.6
545,2016,9,Punjab,Mansa,103.03,103.03
545,2017,9,Punjab,Mansa,107.19,107.19
545,2018,9,Punjab,Mansa,116.283,116.283
545,2019,9,Punjab,Mansa,118.691,118.691
546,1992,9,Punjab,Fatehgarh Sahib,79.6,79.6
546,1993,9,Punjab,Fatehgarh Sahib,80.0,80.0
546,1994,9,Punjab,Fatehgarh Sahib,80.4,80.4
546,1995,9,Punjab,Fatehgarh Sahib,80.5,80.5
546,1996,9,Punjab,Fatehgarh Sahib,79.6,79.6
546,1997,9,Punjab,Fatehgarh Sahib,82.1,82.1
546,1998,9,Punjab,Fatehgarh Sahib,83.02,83.02
546,1999,9,Punjab,Fatehgarh Sahib,82.33,82.33
546,2000,9,Punjab,Fatehgarh Sahib,83.67,83.67
546,2001,9,Punjab,Fatehgarh Sahib,81.31,81.31
546,2002,9,Punjab,Fatehgarh Sahib,80.0,80.0
546,2003,9,Punjab,Fatehgarh Sahib,83.41,83.41
546,2004,9,Punjab,Fatehgarh Sahib,84.54,84.54
546,2005,9,Punjab,Fatehgarh Sahib,85.33,85.33
546,2006,9,Punjab,Fatehgarh Sahib,84.1,84.1
546,2007,9,Punjab,Fatehgarh Sahib,83.63,83.63
546,2008,9,Punjab,Fatehgarh Sahib,85.34,85.34
546,2009,9,Punjab,Fatehgarh Sahib,86.18,86.18
546,2010,9,Punjab,Fatehgarh Sahib,81.7,81.7
546,2011,9,Punjab,Fatehgarh Sahib,86.09,86.09
546,2012,9,Punjab,Fatehgarh Sahib,86.06,86.06
546,2013,9,Punjab,Fatehgarh Sahib,85.74,85.74
546,2014,9,Punjab,Fatehgarh Sahib,85.33,85.33
546,2015,9,Punjab,Fatehgarh Sahib,85.79,85.79
546,2016,9,Punjab,Fatehgarh Sahib,86.35,86.35
546,2017,9,Punjab,Fatehgarh Sahib,86.33,86.33
546,2018,9,Punjab,Fatehgarh Sahib,86.399,86.399
546,2019,9,Punjab,Fatehgarh Sahib,86.351,86.351
701,1990,8,Orissa,Balasore,175.96,175.96
701,1991,8,Orissa,Balasore,189.8,189.8
701,1992,8,Orissa,Balasore,171.66,171.66
701,1993,8,Orissa,Balasore,182.42,182.42
701,1994,8,Orissa,Balasore,189.37,189.37
701,1995,8,Orissa,Balasore,78.8,78.8
701,1996,8,Orissa,Balasore,88.13,88.13
701,1997,8,Orissa,Balasore,89.04,89.04
701,1998,8,Orissa,Balasore,81.79,81.79
701,1999,8,Orissa,Balasore,79.35,79.35
701,2000,8,Orissa,Balasore,76.34,76.34
701,2001,8,Orissa,Balasore,53.64,53.64
701,2002,8,Orissa,Balasore,51.62,51.62
701,2003,8,Orissa,Balasore,89.75,89.75
701,2004,8,Orissa,Balasore,102.52,102.52
701,2005,8,Orissa,Balasore,109.11,109.11
701,2006,8,Orissa,Balasore,106.97,106.97
701,2007,8,Orissa,Balasore,114.27,114.27
701,2008,8,Orissa,Balasore,118.4,118.4
701,2009,8,Orissa,Balasore,103.81,103.81
701,2010,8,Orissa,Balasore,120.81,120.81
701,2011,8,Orissa,Balasore,134.24,134.24
701,2012,8,Orissa,Balasore,146.17,146.17
701,2013,8,Orissa,Balasore,150.94,150.94
701,2014,8,Orissa,Balasore,135.55,135.55
701,2015,8,Orissa,Balasore,123.38,123.38
701,2016,8,Orissa,Balasore,130.36,130.36
701,2017,8,Orissa,Balasore,131.7,131.7
701,2018,8,Orissa,Balasore,59.968,59.968
701,2019,8,Orissa,Balasore,59.859,59.859
702,1990,8,Orissa,Bolangir,113.98,113.98
702,1991,8,Orissa,Bolangir,113.8,113.8
702,1992,8,Orissa,Bolangir,110.45,110.45
702,1993,8,Orissa,Bolangir,109.64,109.64
702,1994,8,Orissa,Bolangir,118.02,118.02
702,1995,8,Orissa,Bolangir,39.95,39.95
702,1996,8,Orissa,Bolangir,38.46,38.46
702,1997,8,Orissa,Bolangir,31.74,31.74
702,1998,8,Orissa,Bolangir,43.11,43.11
702,1999,8,Orissa,Bolangir,53.59,53.59
702,2000,8,Orissa,Bolangir,28.53,28.53
702,2001,8,Orissa,Bolangir,34.85,34.85
702,2002,8,Orissa,Bolangir,29.73,29.73
702,2003,8,Orissa,Bolangir,17.94,17.94
702,2004,8,Orissa,Bolangir,41.16,41.16
702,2005,8,Orissa,Bolangir,38.87,38.87
702,2006,8,Orissa,Bolangir,40.7,40.7
702,2007,8,Orissa,Bolangir,40.1,40.1
702,2008,8,Orissa,Bolangir,45.94,45.94
702,2009,8,Orissa,Bolangir,48.66,48.66
702,2010,8,Orissa,Bolangir,43.79,43.79
702,2011,8,Orissa,Bolangir,41.24,41.24
702,2012,8,Orissa,Bolangir,40.0,40.0
702,2013,8,Orissa,Bolangir,45.01,45.01
702,2014,8,Orissa,Bolangir,18.02,18.02
702,2015,8,Orissa,Bolangir,43.59,43.59
702,2016,8,Orissa,Bolangir,59.09,59.09
702,2017,8,Orissa,Bolangir,53.39,53.39
702,2018,8,Orissa,Bolangir,0.709,0.709
702,2019,8,Orissa,Bolangir,5.637,5.637
703,1990,8,Orissa,Cuttack,253.86,253.86
703,1991,8,Orissa,Cuttack,273.01,273.01
703,1992,8,Orissa,Cuttack,255.47,255.47
703,1993,8,Orissa,Cuttack,272.86,272.86
703,1994,8,Orissa,Cuttack,267.71,267.71
703,1995,8,Orissa,Cuttack,86.64,86.64
703,1996,8,Orissa,Cuttack,86.21,86.21
703,1997,8,Orissa,Cuttack,80.86,80.86
703,1998,8,Orissa,Cuttack,80.49,80.49
703,1999,8,Orissa,Cuttack,108.54,108.54
703,2000,8,Orissa,Cuttack,87.82,87.82
703,2001,8,Orissa,Cuttack,89.67,89.67
703,2002,8,Orissa,Cuttack,76.3,76.3
703,2003,8,Orissa,Cuttack,77.55,77.55
703,2004,8,Orissa,Cuttack,95.27,95.27
703,2005,8,Orissa,Cuttack,90.04,90.04
703,2006,8,Orissa,Cuttack,92.79,92.79
703,2007,8,Orissa,Cuttack,93.71,93.71
703,2008,8,Orissa,Cuttack,93.0,93.0
703,2009,8,Orissa,Cuttack,91.68,91.68
703,2010,8,Orissa,Cuttack,92.18,92.18
703,2011,8,Orissa,Cuttack,81.11,81.11
703,2012,8,Orissa,Cuttack,88.61,88.61
703,2013,8,Orissa,Cuttack,93.79,93.79
703,2014,8,Orissa,Cuttack,90.73,90.73
703,2015,8,Orissa,Cuttack,86.87,86.87
703,2016,8,Orissa,Cuttack,81.62,81.62
703,2017,8,Orissa,Cuttack,78.98,78.98
703,2018,8,Orissa,Cuttack,44.27,44.27
703,2019,8,Orissa,Cuttack,61.697,61.697
704,1990,8,Orissa,Dhenkanal,60.33,60.33
704,1991,8,Orissa,Dhenkanal,65.64,65.64
704,1992,8,Orissa,Dhenkanal,69.5,69.5
704,1993,8,Orissa,Dhenkanal,55.87,55.87
704,1994,8,Orissa,Dhenkanal,74.39,74.39
704,1995,8,Orissa,Dhenkanal,36.98,36.98
704,1996,8,Orissa,Dhenkanal,31.92,31.92
704,1997,8,Orissa,Dhenkanal,36.28,36.28
704,1998,8,Orissa,Dhenkanal,36.99,36.99
704,1999,8,Orissa,Dhenkanal,36.91,36.91
704,2000,8,Orissa,Dhenkanal,32.54,32.54
704,2001,8,Orissa,Dhenkanal,30.85,30.85
704,2002,8,Orissa,Dhenkanal,29.8,29.8
704,2003,8,Orissa,Dhenkanal,25.15,25.15
704,2004,8,Orissa,Dhenkanal,36.01,36.01
704,2005,8,Orissa,Dhenkanal,36.77,36.77
704,2006,8,Orissa,Dhenkanal,36.51,36.51
704,2007,8,Orissa,Dhenkanal,36.33,36.33
704,2008,8,Orissa,Dhenkanal,38.15,38.15
704,2009,8,Orissa,Dhenkanal,39.59,39.59
704,2010,8,Orissa,Dhenkanal,41.53,41.53
704,2011,8,Orissa,Dhenkanal,45.75,45.75
704,2012,8,Orissa,Dhenkanal,53.84,53.84
704,2013,8,Orissa,Dhenkanal,56.53,56.53
704,2014,8,Orissa,Dhenkanal,59.8,59.8
704,2015,8,Orissa,Dhenkanal,49.19,49.19
704,2016,8,Orissa,Dhenkanal,50.32,50.32
704,2017,8,Orissa,Dhenkanal,44.59,44.59
704,2018,8,Orissa,Dhenkanal,17.573,17.573
704,2019,8,Orissa,Dhenkanal,11.444,11.444
705,1990,8,Orissa,Ganjam,205.16,205.16
705,1991,8,Orissa,Ganjam,207.46,207.46
705,1992,8,Orissa,Ganjam,203.9,203.9
705,1993,8,Orissa,Ganjam,174.34,174.34
705,1994,8,Orissa,Ganjam,208.95,208.95
705,1995,8,Orissa,Ganjam,195.46,195.46
705,1996,8,Orissa,Ganjam,180.14,180.14
705,1997,8,Orissa,Ganjam,161.41,161.41
705,1998,8,Orissa,Ganjam,178.23,178.23
705,1999,8,Orissa,Ganjam,186.15,186.15
705,2000,8,Orissa,Ganjam,211.1,211.1
705,2001,8,Orissa,Ganjam,205.67,205.67
705,2002,8,Orissa,Ganjam,143.18,143.18
705,2003,8,Orissa,Ganjam,203.78,203.78
705,2004,8,Orissa,Ganjam,206.26,206.26
705,2005,8,Orissa,Ganjam,206.06,206.06
705,2006,8,Orissa,Ganjam,210.64,210.64
705,2007,8,Orissa,Ganjam,205.88,205.88
705,2008,8,Orissa,Ganjam,197.08,197.08
705,2009,8,Orissa,Ganjam,184.21,184.21
705,2010,8,Orissa,Ganjam,192.58,192.58
705,2011,8,Orissa,Ganjam,114.89,114.89
705,2012,8,Orissa,Ganjam,116.4,116.4
705,2013,8,Orissa,Ganjam,117.65,117.65
705,2014,8,Orissa,Ganjam,230.11,230.11
705,2015,8,Orissa,Ganjam,178.36,178.36
705,2016,8,Orissa,Ganjam,171.39,171.39
705,2017,8,Orissa,Ganjam,183.1,183.1
705,2018,8,Orissa,Ganjam,168.692,168.692
705,2019,8,Orissa,Ganjam,203.576,203.576
706,1990,8,Orissa,Kalahandi,54.46,54.46
706,1991,8,Orissa,Kalahandi,58.57,58.57
706,1992,8,Orissa,Kalahandi,66.42,66.42
706,1993,8,Orissa,Kalahandi,46.06,46.06
706,1994,8,Orissa,Kalahandi,47.32,47.32
706,1995,8,Orissa,Kalahandi,66.21,66.21
706,1996,8,Orissa,Kalahandi,55.25,55.25
706,1997,8,Orissa,Kalahandi,76.49,76.49
706,1998,8,Orissa,Kalahandi,66.29,66.29
706,1999,8,Orissa,Kalahandi,96.21,96.21
706,2000,8,Orissa,Kalahandi,113.24,113.24
706,2001,8,Orissa,Kalahandi,122.18,122.18
706,2002,8,Orissa,Kalahandi,37.48,37.48
706,2003,8,Orissa,Kalahandi,131.78,131.78
706,2004,8,Orissa,Kalahandi,138.82,138.82
706,2005,8,Orissa,Kalahandi,148.45,148.45
706,2006,8,Orissa,Kalahandi,157.32,157.32
706,2007,8,Orissa,Kalahandi,154.95,154.95
706,2008,8,Orissa,Kalahandi,150.12,150.12
706,2009,8,Orissa,Kalahandi,143.21,143.21
706,2010,8,Orissa,Kalahandi,159.82,159.82
706,2011,8,Orissa,Kalahandi,109.39,109.39
706,2012,8,Orissa,Kalahandi,145.71,145.71
706,2013,8,Orissa,Kalahandi,142.29,142.29
706,2014,8,Orissa,Kalahandi,158.19,158.19
706,2015,8,Orissa,Kalahandi,133.29,133.29
706,2016,8,Orissa,Kalahandi,161.65,161.65
706,2017,8,Orissa,Kalahandi,178.77,178.77
706,2018,8,Orissa,Kalahandi,99.219,99.219
706,2019,8,Orissa,Kalahandi,90.124,90.124
707,1990,8,Orissa,Keonjhar,41.39,41.39
707,1991,8,Orissa,Keonjhar,47.16,47.16
707,1992,8,Orissa,Keonjhar,46.8,46.8
707,1993,8,Orissa,Keonjhar,48.63,48.63
707,1994,8,Orissa,Keonjhar,57.31,57.31
707,1995,8,Orissa,Keonjhar,55.98,55.98
707,1996,8,Orissa,Keonjhar,55.73,55.73
707,1997,8,Orissa,Keonjhar,5.29,5.29
707,1998,8,Orissa,Keonjhar,52.73,52.73
707,1999,8,Orissa,Keonjhar,72.66,72.66
707,2000,8,Orissa,Keonjhar,15.1,15.1
707,2001,8,Orissa,Keonjhar,63.46,63.46
707,2002,8,Orissa,Keonjhar,44.06,44.06
707,2003,8,Orissa,Keonjhar,61.29,61.29
707,2004,8,Orissa,Keonjhar,61.81,61.81
707,2005,8,Orissa,Keonjhar,55.74,55.74
707,2006,8,Orissa,Keonjhar,56.72,56.72
707,2007,8,Orissa,Keonjhar,61.74,61.74
707,2008,8,Orissa,Keonjhar,54.82,54.82
707,2009,8,Orissa,Keonjhar,68.05,68.05
707,2010,8,Orissa,Keonjhar,38.14,38.14
707,2011,8,Orissa,Keonjhar,63.4,63.4
707,2012,8,Orissa,Keonjhar,66.89,66.89
707,2013,8,Orissa,Keonjhar,66.65,66.65
707,2014,8,Orissa,Keonjhar,49.66,49.66
707,2015,8,Orissa,Keonjhar,69.12,69.12
707,2016,8,Orissa,Keonjhar,75.8,75.8
707,2017,8,Orissa,Keonjhar,79.91,79.91
707,2018,8,Orissa,Keonjhar,14.148,14.148
707,2019,8,Orissa,Keonjhar,12.853,12.853
708,1990,8,Orissa,Koraput,67.55,67.55
708,1991,8,Orissa,Koraput,72.49,72.49
708,1992,8,Orissa,Koraput,87.06,87.06
708,1993,8,Orissa,Koraput,106.08,106.08
708,1994,8,Orissa,Koraput,124.64,124.64
708,1995,8,Orissa,Koraput,66.23,66.23
708,1996,8,Orissa,Koraput,75.53,75.53
708,1997,8,Orissa,Koraput,62.08,62.08
708,1998,8,Orissa,Koraput,76.96,76.96
708,1999,8,Orissa,Koraput,77.96,77.96
708,2000,8,Orissa,Koraput,68.98,68.98
708,2001,8,Orissa,Koraput,87.15,87.15
708,2002,8,Orissa,Koraput,70.97,70.97
708,2003,8,Orissa,Koraput,76.67,76.67
708,2004,8,Orissa,Koraput,84.0,84.0
708,2005,8,Orissa,Koraput,85.51,85.51
708,2006,8,Orissa,Koraput,87.82,87.82
708,2007,8,Orissa,Koraput,84.28,84.28
708,2008,8,Orissa,Koraput,72.38,72.38
708,2009,8,Orissa,Koraput,66.99,66.99
708,2010,8,Orissa,Koraput,78.67,78.67
708,2011,8,Orissa,Koraput,71.38,71.38
708,2012,8,Orissa,Koraput,80.85,80.85
708,2013,8,Orissa,Koraput,84.85,84.85
708,2014,8,Orissa,Koraput,86.48,86.48
708,2015,8,Orissa,Koraput,80.96,80.96
708,2016,8,Orissa,Koraput,83.96,83.96
708,2017,8,Orissa,Koraput,81.92,81.92
708,2018,8,Orissa,Koraput,78.708,78.708
708,2019,8,Orissa,Koraput,76.214,76.214
709,1990,8,Orissa,Mayurbhanja,65.43,65.43
709,1991,8,Orissa,Mayurbhanja,69.96,69.96
709,1992,8,Orissa,Mayurbhanja,71.26,71.26
709,1993,8,Orissa,Mayurbhanja,72.69,72.69
709,1994,8,Orissa,Mayurbhanja,71.92,71.92
709,1995,8,Orissa,Mayurbhanja,73.56,73.56
709,1996,8,Orissa,Mayurbhanja,73.53,73.53
709,1997,8,Orissa,Mayurbhanja,75.51,75.51
709,1998,8,Orissa,Mayurbhanja,72.69,72.69
709,1999,8,Orissa,Mayurbhanja,85.4,85.4
709,2000,8,Orissa,Mayurbhanja,79.35,79.35
709,2001,8,Orissa,Mayurbhanja,78.77,78.77
709,2002,8,Orissa,Mayurbhanja,12.22,12.22
709,2003,8,Orissa,Mayurbhanja,93.64,93.64
709,2004,8,Orissa,Mayurbhanja,93.95,93.95
709,2005,8,Orissa,Mayurbhanja,95.65,95.65
709,2006,8,Orissa,Mayurbhanja,100.65,100.65
709,2007,8,Orissa,Mayurbhanja,104.75,104.75
709,2008,8,Orissa,Mayurbhanja,103.05,103.05
709,2009,8,Orissa,Mayurbhanja,101.85,101.85
709,2010,8,Orissa,Mayurbhanja,101.45,101.45
709,2011,8,Orissa,Mayurbhanja,106.17,106.17
709,2012,8,Orissa,Mayurbhanja,106.74,106.74
709,2013,8,Orissa,Mayurbhanja,110.16,110.16
709,2014,8,Orissa,Mayurbhanja,118.44,118.44
709,2015,8,Orissa,Mayurbhanja,109.32,109.32
709,2016,8,Orissa,Mayurbhanja,113.71,113.71
709,2017,8,Orissa,Mayurbhanja,118.39,118.39
709,2018,8,Orissa,Mayurbhanja,42.445,42.445
709,2019,8,Orissa,Mayurbhanja,53.612,53.612
710,1990,8,Orissa,Phulbani(Kandhamal),40.05,40.05
710,1991,8,Orissa,Phulbani(Kandhamal),43.04,43.04
710,1992,8,Orissa,Phulbani(Kandhamal),45.3,45.3
710,1993,8,Orissa,Phulbani(Kandhamal),36.35,36.35
710,1994,8,Orissa,Phulbani(Kandhamal),45.67,45.67
710,1995,8,Orissa,Phulbani(Kandhamal),13.01,13.01
710,1996,8,Orissa,Phulbani(Kandhamal),8.19,8.19
710,1997,8,Orissa,Phulbani(Kandhamal),12.12,12.12
710,1998,8,Orissa,Phulbani(Kandhamal),11.73,11.73
710,1999,8,Orissa,Phulbani(Kandhamal),12.72,12.72
710,2000,8,Orissa,Phulbani(Kandhamal),10.29,10.29
710,2001,8,Orissa,Phulbani(Kandhamal),13.3,13.3
710,2002,8,Orissa,Phulbani(Kandhamal),10.32,10.32
710,2003,8,Orissa,Phulbani(Kandhamal),9.13,9.13
710,2004,8,Orissa,Phulbani(Kandhamal),10.41,10.41
710,2005,8,Orissa,Phulbani(Kandhamal),10.56,10.56
710,2006,8,Orissa,Phulbani(Kandhamal),11.74,11.74
710,2007,8,Orissa,Phulbani(Kandhamal),11.39,11.39
710,2008,8,Orissa,Phulbani(Kandhamal),12.47,12.47
710,2009,8,Orissa,Phulbani(Kandhamal),15.82,15.82
710,2010,8,Orissa,Phulbani(Kandhamal),15.95,15.95
710,2011,8,Orissa,Phulbani(Kandhamal),14.86,14.86
710,2012,8,Orissa,Phulbani(Kandhamal),15.23,15.23
710,2013,8,Orissa,Phulbani(Kandhamal),15.66,15.66
710,2014,8,Orissa,Phulbani(Kandhamal),16.39,16.39
710,2015,8,Orissa,Phulbani(Kandhamal),12.44,12.44
710,2016,8,Orissa,Phulbani(Kandhamal),17.65,17.65
710,2017,8,Orissa,Phulbani(Kandhamal),17.0,17.0
710,2018,8,Orissa,Phulbani(Kandhamal),1.553,1.553
710,2019,8,Orissa,Phulbani(Kandhamal),0.839,0.839
711,1990,8,Orissa,Puri,179.25,179.25
711,1991,8,Orissa,Puri,237.23,237.23
711,1992,8,Orissa,Puri,215.67,215.67
711,1993,8,Orissa,Puri,210.75,210.75
711,1994,8,Orissa,Puri,207.84,207.84
711,1995,8,Orissa,Puri,136.62,136.62
711,1996,8,Orissa,Puri,144.46,144.46
711,1997,8,Orissa,Puri,107.01,107.01
711,1998,8,Orissa,Puri,132.01,132.01
711,1999,8,Orissa,Puri,147.25,147.25
711,2000,8,Orissa,Puri,94.18,94.18
711,2001,8,Orissa,Puri,117.04,117.04
711,2002,8,Orissa,Puri,71.65,71.65
711,2003,8,Orissa,Puri,118.09,118.09
711,2004,8,Orissa,Puri,125.41,125.41
711,2005,8,Orissa,Puri,142.91,142.91
711,2006,8,Orissa,Puri,156.07,156.07
711,2007,8,Orissa,Puri,136.87,136.87
711,2008,8,Orissa,Puri,136.84,136.84
711,2009,8,Orissa,Puri,120.68,120.68
711,2010,8,Orissa,Puri,129.76,129.76
711,2011,8,Orissa,Puri,126.97,126.97
711,2012,8,Orissa,Puri,138.56,138.56
711,2013,8,Orissa,Puri,135.11,135.11
711,2014,8,Orissa,Puri,122.63,122.63
711,2015,8,Orissa,Puri,111.43,111.43
711,2016,8,Orissa,Puri,103.65,103.65
711,2017,8,Orissa,Puri,89.74,89.74
711,2018,8,Orissa,Puri,82.086,82.086
711,2019,8,Orissa,Puri,83.287,83.287
712,1990,8,Orissa,Sambalpur,269.22,269.22
712,1991,8,Orissa,Sambalpur,272.3,272.3
712,1992,8,Orissa,Sambalpur,150.07,150.07
712,1993,8,Orissa,Sambalpur,254.42,254.42
712,1994,8,Orissa,Sambalpur,257.01,257.01
712,1995,8,Orissa,Sambalpur,77.8,77.8
712,1996,8,Orissa,Sambalpur,62.99,62.99
712,1997,8,Orissa,Sambalpur,69.91,69.91
712,1998,8,Orissa,Sambalpur,53.97,53.97
712,1999,8,Orissa,Sambalpur,64.58,64.58
712,2000,8,Orissa,Sambalpur,69.91,69.91
712,2001,8,Orissa,Sambalpur,62.38,62.38
712,2002,8,Orissa,Sambalpur,50.26,50.26
712,2003,8,Orissa,Sambalpur,57.71,57.71
712,2004,8,Orissa,Sambalpur,72.89,72.89
712,2005,8,Orissa,Sambalpur,69.11,69.11
712,2006,8,Orissa,Sambalpur,71.86,71.86
712,2007,8,Orissa,Sambalpur,73.79,73.79
712,2008,8,Orissa,Sambalpur,75.94,75.94
712,2009,8,Orissa,Sambalpur,73.87,73.87
712,2010,8,Orissa,Sambalpur,78.85,78.85
712,2011,8,Orissa,Sambalpur,75.12,75.12
712,2012,8,Orissa,Sambalpur,76.57,76.57
712,2013,8,Orissa,Sambalpur,81.02,81.02
712,2014,8,Orissa,Sambalpur,76.64,76.64
712,2015,8,Orissa,Sambalpur,70.27,70.27
712,2016,8,Orissa,Sambalpur,72.24,72.24
712,2017,8,Orissa,Sambalpur,72.02,72.02
712,2018,8,Orissa,Sambalpur,25.184,25.184
712,2019,8,Orissa,Sambalpur,30.55,30.55
713,1990,8,Orissa,Sundargarh,39.12,39.12
713,1991,8,Orissa,Sundargarh,45.23,45.23
713,1992,8,Orissa,Sundargarh,46.8,46.8
713,1993,8,Orissa,Sundargarh,48.89,48.89
713,1994,8,Orissa,Sundargarh,45.63,45.63
713,1995,8,Orissa,Sundargarh,45.66,45.66
713,1996,8,Orissa,Sundargarh,47.92,47.92
713,1997,8,Orissa,Sundargarh,53.72,53.72
713,1998,8,Orissa,Sundargarh,44.15,44.15
713,1999,8,Orissa,Sundargarh,22.68,22.68
713,2000,8,Orissa,Sundargarh,49.09,49.09
713,2001,8,Orissa,Sundargarh,54.05,54.05
713,2002,8,Orissa,Sundargarh,5.66,5.66
713,2003,8,Orissa,Sundargarh,50.77,50.77
713,2004,8,Orissa,Sundargarh,51.78,51.78
713,2005,8,Orissa,Sundargarh,50.55,50.55
713,2006,8,Orissa,Sundargarh,60.39,60.39
713,2007,8,Orissa,Sundargarh,61.44,61.44
713,2008,8,Orissa,Sundargarh,54.46,54.46
713,2009,8,Orissa,Sundargarh,53.54,53.54
713,2010,8,Orissa,Sundargarh,53.75,53.75
713,2011,8,Orissa,Sundargarh,55.32,55.32
713,2012,8,Orissa,Sundargarh,55.37,55.37
713,2013,8,Orissa,Sundargarh,57.61,57.61
713,2014,8,Orissa,Sundargarh,50.66,50.66
713,2015,8,Orissa,Sundargarh,53.39,53.39
713,2016,8,Orissa,Sundargarh,48.58,48.58
713,2017,8,Orissa,Sundargarh,68.79,68.79
713,2018,8,Orissa,Sundargarh,6.741,6.741
713,2019,8,Orissa,Sundargarh,8.244,8.244
714,1995,8,Orissa,Bhadrak,102.68,102.68
714,1996,8,Orissa,Bhadrak,95.52,95.52
714,1997,8,Orissa,Bhadrak,100.07,100.07
714,1998,8,Orissa,Bhadrak,96.34,96.34
714,1999,8,Orissa,Bhadrak,111.24,111.24
714,2000,8,Orissa,Bhadrak,96.67,96.67
714,2001,8,Orissa,Bhadrak,75.06,75.06
714,2002,8,Orissa,Bhadrak,26.18,26.18
714,2003,8,Orissa,Bhadrak,72.7,72.7
714,2004,8,Orissa,Bhadrak,84.96,84.96
714,2005,8,Orissa,Bhadrak,104.97,104.97
714,2006,8,Orissa,Bhadrak,105.37,105.37
714,2007,8,Orissa,Bhadrak,105.84,105.84
714,2008,8,Orissa,Bhadrak,116.27,116.27
714,2009,8,Orissa,Bhadrak,110.59,110.59
714,2010,8,Orissa,Bhadrak,105.45,105.45
714,2011,8,Orissa,Bhadrak,110.02,110.02
714,2012,8,Orissa,Bhadrak,107.96,107.96
714,2013,8,Orissa,Bhadrak,109.04,109.04
714,2014,8,Orissa,Bhadrak,55.49,55.49
714,2015,8,Orissa,Bhadrak,70.22,70.22
714,2016,8,Orissa,Bhadrak,106.67,106.67
714,2017,8,Orissa,Bhadrak,89.7,89.7
714,2018,8,Orissa,Bhadrak,74.357,74.357
714,2019,8,Orissa,Bhadrak,69.696,69.696
716,1995,8,Orissa,Jagatsinghapur,41.64,41.64
716,1996,8,Orissa,Jagatsinghapur,33.44,33.44
716,1997,8,Orissa,Jagatsinghapur,41.8,41.8
716,1998,8,Orissa,Jagatsinghapur,41.3,41.3
716,1999,8,Orissa,Jagatsinghapur,43.9,43.9
716,2000,8,Orissa,Jagatsinghapur,53.55,53.55
716,2001,8,Orissa,Jagatsinghapur,56.99,56.99
716,2002,8,Orissa,Jagatsinghapur,32.51,32.51
716,2003,8,Orissa,Jagatsinghapur,56.06,56.06
716,2004,8,Orissa,Jagatsinghapur,55.8,55.8
716,2005,8,Orissa,Jagatsinghapur,66.35,66.35
716,2006,8,Orissa,Jagatsinghapur,56.14,56.14
716,2007,8,Orissa,Jagatsinghapur,60.22,60.22
716,2008,8,Orissa,Jagatsinghapur,66.02,66.02
716,2009,8,Orissa,Jagatsinghapur,65.77,65.77
716,2010,8,Orissa,Jagatsinghapur,59.41,59.41
716,2011,8,Orissa,Jagatsinghapur,67.09,67.09
716,2012,8,Orissa,Jagatsinghapur,55.56,55.56
716,2013,8,Orissa,Jagatsinghapur,57.14,57.14
716,2014,8,Orissa,Jagatsinghapur,76.12,76.12
716,2015,8,Orissa,Jagatsinghapur,65.45,65.45
716,2016,8,Orissa,Jagatsinghapur,63.32,63.32
716,2017,8,Orissa,Jagatsinghapur,69.48,69.48
716,2018,8,Orissa,Jagatsinghapur,52.153,52.153
716,2019,8,Orissa,Jagatsinghapur,54.331,54.331
717,1995,8,Orissa,Jajapur,43.54,43.54
717,1996,8,Orissa,Jajapur,34.79,34.79
717,1997,8,Orissa,Jajapur,42.95,42.95
717,1998,8,Orissa,Jajapur,36.86,36.86
717,1999,8,Orissa,Jajapur,49.45,49.45
717,2000,8,Orissa,Jajapur,47.26,47.26
717,2001,8,Orissa,Jajapur,41.96,41.96
717,2002,8,Orissa,Jajapur,22.77,22.77
717,2003,8,Orissa,Jajapur,40.5,40.5
717,2004,8,Orissa,Jajapur,41.01,41.01
717,2005,8,Orissa,Jajapur,40.54,40.54
717,2006,8,Orissa,Jajapur,47.79,47.79
717,2007,8,Orissa,Jajapur,49.82,49.82
717,2008,8,Orissa,Jajapur,48.49,48.49
717,2009,8,Orissa,Jajapur,51.62,51.62
717,2010,8,Orissa,Jajapur,51.45,51.45
717,2011,8,Orissa,Jajapur,52.38,52.38
717,2012,8,Orissa,Jajapur,57.71,57.71
717,2013,8,Orissa,Jajapur,59.9,59.9
717,2014,8,Orissa,Jajapur,22.86,22.86
717,2015,8,Orissa,Jajapur,13.98,13.98
717,2016,8,Orissa,Jajapur,45.84,45.84
717,2017,8,Orissa,Jajapur,46.29,46.29
717,2018,8,Orissa,Jajapur,23.882,23.882
717,2019,8,Orissa,Jajapur,18.99,18.99
718,1995,8,Orissa,Kendrapara,61.41,61.41
718,1996,8,Orissa,Kendrapara,51.31,51.31
718,1997,8,Orissa,Kendrapara,50.41,50.41
718,1998,8,Orissa,Kendrapara,64.53,64.53
718,1999,8,Orissa,Kendrapara,88.82,88.82
718,2000,8,Orissa,Kendrapara,72.92,72.92
718,2001,8,Orissa,Kendrapara,74.97,74.97
718,2002,8,Orissa,Kendrapara,37.66,37.66
718,2003,8,Orissa,Kendrapara,39.93,39.93
718,2004,8,Orissa,Kendrapara,63.51,63.51
718,2005,8,Orissa,Kendrapara,29.37,29.37
718,2006,8,Orissa,Kendrapara,30.13,30.13
718,2007,8,Orissa,Kendrapara,57.23,57.23
718,2008,8,Orissa,Kendrapara,60.06,60.06
718,2009,8,Orissa,Kendrapara,59.73,59.73
718,2010,8,Orissa,Kendrapara,68.41,68.41
718,2011,8,Orissa,Kendrapara,59.92,59.92
718,2012,8,Orissa,Kendrapara,80.0,80.0
718,2013,8,Orissa,Kendrapara,80.42,80.42
718,2014,8,Orissa,Kendrapara,78.24,78.24
718,2015,8,Orissa,Kendrapara,68.04,68.04
718,2016,8,Orissa,Kendrapara,67.62,67.62
718,2017,8,Orissa,Kendrapara,70.22,70.22
718,2018,8,Orissa,Kendrapara,46.184,46.184
718,2019,8,Orissa,Kendrapara,35.7,35.7
719,1995,8,Orissa,Angul,40.63,40.63
719,1996,8,Orissa,Angul,38.03,38.03
719,1997,8,Orissa,Angul,39.9,39.9
719,1998,8,Orissa,Angul,32.12,32.12
719,1999,8,Orissa,Angul,32.0,32.0
719,2000,8,Orissa,Angul,32.09,32.09
719,2001,8,Orissa,Angul,38.49,38.49
719,2002,8,Orissa,Angul,30.5,30.5
719,2003,8,Orissa,Angul,30.84,30.84
719,2004,8,Orissa,Angul,36.49,36.49
719,2005,8,Orissa,Angul,35.71,35.71
719,2006,8,Orissa,Angul,35.11,35.11
719,2007,8,Orissa,Angul,34.71,34.71
719,2008,8,Orissa,Angul,32.05,32.05
719,2009,8,Orissa,Angul,30.87,30.87
719,2010,8,Orissa,Angul,31.98,31.98
719,2011,8,Orissa,Angul,26.81,26.81
719,2012,8,Orissa,Angul,27.71,27.71
719,2013,8,Orissa,Angul,27.92,27.92
719,2014,8,Orissa,Angul,44.35,44.35
719,2015,8,Orissa,Angul,41.14,41.14
719,2016,8,Orissa,Angul,48.48,48.48
719,2017,8,Orissa,Angul,42.47,42.47
719,2018,8,Orissa,Angul,7.383,7.383
719,2019,8,Orissa,Angul,3.565,3.565
720,1995,8,Orissa,Gajapati,19.78,19.78
720,1996,8,Orissa,Gajapati,16.53,16.53
720,1997,8,Orissa,Gajapati,19.77,19.77
720,1998,8,Orissa,Gajapati,21.34,21.34
720,1999,8,Orissa,Gajapati,21.72,21.72
720,2000,8,Orissa,Gajapati,22.21,22.21
720,2001,8,Orissa,Gajapati,17.11,17.11
720,2002,8,Orissa,Gajapati,13.9,13.9
720,2003,8,Orissa,Gajapati,20.02,20.02
720,2004,8,Orissa,Gajapati,20.69,20.69
720,2005,8,Orissa,Gajapati,15.56,15.56
720,2006,8,Orissa,Gajapati,20.35,20.35
720,2007,8,Orissa,Gajapati,20.21,20.21
720,2008,8,Orissa,Gajapati,19.87,19.87
720,2009,8,Orissa,Gajapati,19.81,19.81
720,2010,8,Orissa,Gajapati,20.51,20.51
720,2011,8,Orissa,Gajapati,19.79,19.79
720,2012,8,Orissa,Gajapati,20.77,20.77
720,2013,8,Orissa,Gajapati,21.51,21.51
720,2014,8,Orissa,Gajapati,22.56,22.56
720,2015,8,Orissa,Gajapati,24.59,24.59
720,2016,8,Orissa,Gajapati,24.92,24.92
720,2017,8,Orissa,Gajapati,26.05,26.05
720,2018,8,Orissa,Gajapati,34.225,34.225
720,2019,8,Orissa,Gajapati,24.034,24.034
721,1995,8,Orissa,Nuapada,21.36,21.36
721,1996,8,Orissa,Nuapada,25.0,25.0
721,1997,8,Orissa,Nuapada,21.31,21.31
721,1998,8,Orissa,Nuapada,29.57,29.57
721,1999,8,Orissa,Nuapada,6.57,6.57
721,2000,8,Orissa,Nuapada,0.32,0.32
721,2001,8,Orissa,Nuapada,31.67,31.67
721,2002,8,Orissa,Nuapada,1.78,1.78
721,2003,8,Orissa,Nuapada,31.98,31.98
721,2004,8,Orissa,Nuapada,32.29,32.29
721,2005,8,Orissa,Nuapada,32.73,32.73
721,2006,8,Orissa,Nuapada,38.08,38.08
721,2007,8,Orissa,Nuapada,38.3,38.3
721,2008,8,Orissa,Nuapada,40.9,40.9
721,2009,8,Orissa,Nuapada,37.07,37.07
721,2010,8,Orissa,Nuapada,40.93,40.93
721,2011,8,Orissa,Nuapada,37.4,37.4
721,2012,8,Orissa,Nuapada,37.45,37.45
721,2013,8,Orissa,Nuapada,40.03,40.03
721,2014,8,Orissa,Nuapada,35.3,35.3
721,2015,8,Orissa,Nuapada,42.65,42.65
721,2016,8,Orissa,Nuapada,38.78,38.78
721,2017,8,Orissa,Nuapada,39.22,39.22
721,2018,8,Orissa,Nuapada,11.943,11.943
721,2019,8,Orissa,Nuapada,17.052,17.052
722,1995,8,Orissa,Malkangiri,24.44,24.44
722,1996,8,Orissa,Malkangiri,10.76,10.76
722,1997,8,Orissa,Malkangiri,19.33,19.33
722,1998,8,Orissa,Malkangiri,39.35,39.35
722,1999,8,Orissa,Malkangiri,45.61,45.61
722,2000,8,Orissa,Malkangiri,24.46,24.46
722,2001,8,Orissa,Malkangiri,31.42,31.42
722,2002,8,Orissa,Malkangiri,20.41,20.41
722,2003,8,Orissa,Malkangiri,29.09,29.09
722,2004,8,Orissa,Malkangiri,36.65,36.65
722,2005,8,Orissa,Malkangiri,36.4,36.4
722,2006,8,Orissa,Malkangiri,37.45,37.45
722,2007,8,Orissa,Malkangiri,37.43,37.43
722,2008,8,Orissa,Malkangiri,42.97,42.97
722,2009,8,Orissa,Malkangiri,32.12,32.12
722,2010,8,Orissa,Malkangiri,33.8,33.8
722,2011,8,Orissa,Malkangiri,35.33,35.33
722,2012,8,Orissa,Malkangiri,38.13,38.13
722,2013,8,Orissa,Malkangiri,39.45,39.45
722,2014,8,Orissa,Malkangiri,41.57,41.57
722,2015,8,Orissa,Malkangiri,41.74,41.74
722,2016,8,Orissa,Malkangiri,44.8,44.8
722,2017,8,Orissa,Malkangiri,46.78,46.78
722,2018,8,Orissa,Malkangiri,3.842,3.842
722,2019,8,Orissa,Malkangiri,1.765,1.765
723,1995,8,Orissa,Nawarangpur,12.43,12.43
723,1996,8,Orissa,Nawarangpur,8.32,8.32
723,1997,8,Orissa,Nawarangpur,13.11,13.11
723,1998,8,Orissa,Nawarangpur,13.65,13.65
723,1999,8,Orissa,Nawarangpur,13.52,13.52
723,2000,8,Orissa,Nawarangpur,0.93,0.93
723,2001,8,Orissa,Nawarangpur,14.73,14.73
723,2002,8,Orissa,Nawarangpur,10.6,10.6
723,2003,8,Orissa,Nawarangpur,15.35,15.35
723,2004,8,Orissa,Nawarangpur,7.55,7.55
723,2005,8,Orissa,Nawarangpur,6.49,6.49
723,2006,8,Orissa,Nawarangpur,7.53,7.53
723,2007,8,Orissa,Nawarangpur,8.37,8.37
723,2008,8,Orissa,Nawarangpur,19.64,19.64
723,2009,8,Orissa,Nawarangpur,18.62,18.62
723,2010,8,Orissa,Nawarangpur,26.92,26.92
723,2011,8,Orissa,Nawarangpur,23.1,23.1
723,2012,8,Orissa,Nawarangpur,25.96,25.96
723,2013,8,Orissa,Nawarangpur,26.92,26.92
723,2014,8,Orissa,Nawarangpur,27.82,27.82
723,2015,8,Orissa,Nawarangpur,30.2,30.2
723,2016,8,Orissa,Nawarangpur,27.58,27.58
723,2017,8,Orissa,Nawarangpur,27.13,27.13
723,2018,8,Orissa,Nawarangpur,0.869,0.869
723,2019,8,Orissa,Nawarangpur,3.405,3.405
724,1995,8,Orissa,Rayagada,31.53,31.53
724,1996,8,Orissa,Rayagada,27.47,27.47
724,1997,8,Orissa,Rayagada,29.02,29.02
724,1998,8,Orissa,Rayagada,31.19,31.19
724,1999,8,Orissa,Rayagada,34.55,34.55
724,2000,8,Orissa,Rayagada,33.9,33.9
724,2001,8,Orissa,Rayagada,32.26,32.26
724,2002,8,Orissa,Rayagada,21.84,21.84
724,2003,8,Orissa,Rayagada,31.85,31.85
724,2004,8,Orissa,Rayagada,23.6,23.6
724,2005,8,Orissa,Rayagada,26.2,26.2
724,2006,8,Orissa,Rayagada,32.32,32.32
724,2007,8,Orissa,Rayagada,34.96,34.96
724,2008,8,Orissa,Rayagada,32.17,32.17
724,2009,8,Orissa,Rayagada,34.9,34.9
724,2010,8,Orissa,Rayagada,37.7,37.7
724,2011,8,Orissa,Rayagada,32.61,32.61
724,2012,8,Orissa,Rayagada,33.75,33.75
724,2013,8,Orissa,Rayagada,37.32,37.32
724,2014,8,Orissa,Rayagada,31.01,31.01
724,2015,8,Orissa,Rayagada,23.39,23.39
724,2016,8,Orissa,Rayagada,24.2,24.2
724,2017,8,Orissa,Rayagada,31.98,31.98
724,2018,8,Orissa,Rayagada,37.404,37.404
724,2019,8,Orissa,Rayagada,41.804,41.804
725,1995,8,Orissa,Khurda,49.69,49.69
725,1996,8,Orissa,Khurda,63.69,63.69
725,1997,8,Orissa,Khurda,52.77,52.77
725,1998,8,Orissa,Khurda,41.83,41.83
725,1999,8,Orissa,Khurda,69.75,69.75
725,2000,8,Orissa,Khurda,46.9,46.9
725,2001,8,Orissa,Khurda,57.87,57.87
725,2002,8,Orissa,Khurda,91.77,91.77
725,2003,8,Orissa,Khurda,38.42,38.42
725,2004,8,Orissa,Khurda,52.6,52.6
725,2005,8,Orissa,Khurda,54.43,54.43
725,2006,8,Orissa,Khurda,57.66,57.66
725,2007,8,Orissa,Khurda,57.58,57.58
725,2008,8,Orissa,Khurda,58.43,58.43
725,2009,8,Orissa,Khurda,47.01,47.01
725,2010,8,Orissa,Khurda,49.64,49.64
725,2011,8,Orissa,Khurda,47.35,47.35
725,2012,8,Orissa,Khurda,49.64,49.64
725,2013,8,Orissa,Khurda,51.82,51.82
725,2014,8,Orissa,Khurda,37.49,37.49
725,2015,8,Orissa,Khurda,45.42,45.42
725,2016,8,Orissa,Khurda,44.23,44.23
725,2017,8,Orissa,Khurda,44.27,44.27
725,2018,8,Orissa,Khurda,18.825,18.825
725,2019,8,Orissa,Khurda,11.267,11.267
726,1995,8,Orissa,Nayagarh,33.28,33.28
726,1996,8,Orissa,Nayagarh,9.08,9.08
726,1997,8,Orissa,Nayagarh,32.64,32.64
726,1998,8,Orissa,Nayagarh,17.3,17.3
726,1999,8,Orissa,Nayagarh,22.7,22.7
726,2000,8,Orissa,Nayagarh,27.11,27.11
726,2001,8,Orissa,Nayagarh,27.51,27.51
726,2002,8,Orissa,Nayagarh,8.84,8.84
726,2003,8,Orissa,Nayagarh,34.0,34.0
726,2004,8,Orissa,Nayagarh,25.7,25.7
726,2005,8,Orissa,Nayagarh,32.9,32.9
726,2006,8,Orissa,Nayagarh,34.91,34.91
726,2007,8,Orissa,Nayagarh,35.87,35.87
726,2008,8,Orissa,Nayagarh,36.97,36.97
726,2009,8,Orissa,Nayagarh,35.55,35.55
726,2010,8,Orissa,Nayagarh,38.1,38.1
726,2011,8,Orissa,Nayagarh,36.62,36.62
726,2012,8,Orissa,Nayagarh,37.59,37.59
726,2013,8,Orissa,Nayagarh,39.5,39.5
726,2014,8,Orissa,Nayagarh,40.57,40.57
726,2015,8,Orissa,Nayagarh,44.5,44.5
726,2016,8,Orissa,Nayagarh,45.51,45.51
726,2017,8,Orissa,Nayagarh,44.44,44.44
726,2018,8,Orissa,Nayagarh,4.141,4.141
726,2019,8,Orissa,Nayagarh,4.55,4.55
728,1995,8,Orissa,Boudh,35.42,35.42
728,1996,8,Orissa,Boudh,24.43,24.43
728,1997,8,Orissa,Boudh,33.2,33.2
728,1998,8,Orissa,Boudh,23.75,23.75
728,1999,8,Orissa,Boudh,32.54,32.54
728,2000,8,Orissa,Boudh,25.75,25.75
728,2001,8,Orissa,Boudh,31.87,31.87
728,2002,8,Orissa,Boudh,28.96,28.96
728,2003,8,Orissa,Boudh,35.95,35.95
728,2004,8,Orissa,Boudh,38.31,38.31
728,2005,8,Orissa,Boudh,39.05,39.05
728,2006,8,Orissa,Boudh,39.29,39.29
728,2007,8,Orissa,Boudh,39.75,39.75
728,2008,8,Orissa,Boudh,41.16,41.16
728,2009,8,Orissa,Boudh,39.66,39.66
728,2010,8,Orissa,Boudh,47.71,47.71
728,2011,8,Orissa,Boudh,21.06,21.06
728,2012,8,Orissa,Boudh,23.88,23.88
728,2013,8,Orissa,Boudh,26.43,26.43
728,2014,8,Orissa,Boudh,48.9,48.9
728,2015,8,Orissa,Boudh,53.62,53.62
728,2016,8,Orissa,Boudh,54.39,54.39
728,2017,8,Orissa,Boudh,51.0,51.0
728,2018,8,Orissa,Boudh,27.032,27.032
728,2019,8,Orissa,Boudh,25.915,25.915
729,1995,8,Orissa,Bargarh,175.33,175.33
729,1996,8,Orissa,Bargarh,161.74,161.74
729,1997,8,Orissa,Bargarh,263.36,263.36
729,1998,8,Orissa,Bargarh,168.5,168.5
729,1999,8,Orissa,Bargarh,157.83,157.83
729,2000,8,Orissa,Bargarh,158.35,158.35
729,2001,8,Orissa,Bargarh,168.67,168.67
729,2002,8,Orissa,Bargarh,181.62,181.62
729,2003,8,Orissa,Bargarh,176.63,176.63
729,2004,8,Orissa,Bargarh,168.64,168.64
729,2005,8,Orissa,Bargarh,169.2,169.2
729,2006,8,Orissa,Bargarh,184.27,184.27
729,2007,8,Orissa,Bargarh,190.93,190.93
729,2008,8,Orissa,Bargarh,194.73,194.73
729,2009,8,Orissa,Bargarh,190.45,190.45
729,2010,8,Orissa,Bargarh,190.28,190.28
729,2011,8,Orissa,Bargarh,196.19,196.19
729,2012,8,Orissa,Bargarh,195.64,195.64
729,2013,8,Orissa,Bargarh,220.07,220.07
729,2014,8,Orissa,Bargarh,225.36,225.36
729,2015,8,Orissa,Bargarh,189.47,189.47
729,2016,8,Orissa,Bargarh,167.06,167.06
729,2017,8,Orissa,Bargarh,181.82,181.82
729,2018,8,Orissa,Bargarh,143.059,143.059
729,2019,8,Orissa,Bargarh,160.796,160.796
730,1995,8,Orissa,Deogarh,15.97,15.97
730,1996,8,Orissa,Deogarh,14.67,14.67
730,1997,8,Orissa,Deogarh,16.59,16.59
730,1998,8,Orissa,Deogarh,19.27,19.27
730,1999,8,Orissa,Deogarh,16.0,16.0
730,2000,8,Orissa,Deogarh,14.31,14.31
730,2001,8,Orissa,Deogarh,15.25,15.25
730,2002,8,Orissa,Deogarh,13.6,13.6
730,2003,8,Orissa,Deogarh,15.78,15.78
730,2004,8,Orissa,Deogarh,14.33,14.33
730,2005,8,Orissa,Deogarh,18.11,18.11
730,2006,8,Orissa,Deogarh,19.03,19.03
730,2007,8,Orissa,Deogarh,17.8,17.8
730,2008,8,Orissa,Deogarh,17.0,17.0
730,2009,8,Orissa,Deogarh,14.86,14.86
730,2010,8,Orissa,Deogarh,14.97,14.97
730,2011,8,Orissa,Deogarh,19.99,19.99
730,2012,8,Orissa,Deogarh,22.69,22.69
730,2013,8,Orissa,Deogarh,23.31,23.31
730,2014,8,Orissa,Deogarh,17.44,17.44
730,2015,8,Orissa,Deogarh,19.71,19.71
730,2016,8,Orissa,Deogarh,19.06,19.06
730,2017,8,Orissa,Deogarh,19.23,19.23
730,2018,8,Orissa,Deogarh,1.735,1.735
730,2019,8,Orissa,Deogarh,5.977,5.977
731,1995,8,Orissa,Jharsuguda,6.42,6.42
731,1996,8,Orissa,Jharsuguda,6.05,6.05
731,1997,8,Orissa,Jharsuguda,6.03,6.03
731,1998,8,Orissa,Jharsuguda,8.46,8.46
731,1999,8,Orissa,Jharsuguda,11.33,11.33
731,2000,8,Orissa,Jharsuguda,7.87,7.87
731,2001,8,Orissa,Jharsuguda,7.5,7.5
731,2002,8,Orissa,Jharsuguda,8.36,8.36
731,2003,8,Orissa,Jharsuguda,8.22,8.22
731,2004,8,Orissa,Jharsuguda,9.07,9.07
731,2005,8,Orissa,Jharsuguda,8.93,8.93
731,2006,8,Orissa,Jharsuguda,10.65,10.65
731,2007,8,Orissa,Jharsuguda,11.56,11.56
731,2008,8,Orissa,Jharsuguda,12.39,12.39
731,2009,8,Orissa,Jharsuguda,10.95,10.95
731,2010,8,Orissa,Jharsuguda,9.97,9.97
731,2011,8,Orissa,Jharsuguda,10.77,10.77
731,2012,8,Orissa,Jharsuguda,10.64,10.64
731,2013,8,Orissa,Jharsuguda,11.64,11.64
731,2014,8,Orissa,Jharsuguda,7.4,7.4
731,2015,8,Orissa,Jharsuguda,2.61,2.61
731,2016,8,Orissa,Jharsuguda,11.29,11.29
731,2017,8,Orissa,Jharsuguda,10.51,10.51
731,2018,8,Orissa,Jharsuguda,0.685,0.685
731,2019,8,Orissa,Jharsuguda,0.608,0.608
732,1995,8,Orissa,Sonepur,83.04,83.04
732,1996,8,Orissa,Sonepur,82.19,82.19
732,1997,8,Orissa,Sonepur,84.89,84.89
732,1998,8,Orissa,Sonepur,75.25,75.25
732,1999,8,Orissa,Sonepur,72.59,72.59
732,2000,8,Orissa,Sonepur,75.03,75.03
732,2001,8,Orissa,Sonepur,81.05,81.05
732,2002,8,Orissa,Sonepur,79.74,79.74
732,2003,8,Orissa,Sonepur,78.81,78.81
732,2004,8,Orissa,Sonepur,82.27,82.27
732,2005,8,Orissa,Sonepur,80.56,80.56
732,2006,8,Orissa,Sonepur,92.39,92.39
732,2007,8,Orissa,Sonepur,87.66,87.66
732,2008,8,Orissa,Sonepur,91.14,91.14
732,2009,8,Orissa,Sonepur,81.83,81.83
732,2010,8,Orissa,Sonepur,82.9,82.9
732,2011,8,Orissa,Sonepur,95.84,95.84
732,2012,8,Orissa,Sonepur,97.88,97.88
732,2013,8,Orissa,Sonepur,94.79,94.79
732,2014,8,Orissa,Sonepur,80.14,80.14
732,2015,8,Orissa,Sonepur,91.6,91.6
732,2016,8,Orissa,Sonepur,95.72,95.72
732,2017,8,Orissa,Sonepur,92.77,92.77
732,2018,8,Orissa,Sonepur,85.074,85.074
732,2019,8,Orissa,Sonepur,79.971,79.971
1017,1995,9,Punjab,S.B.S Nagar,42.2,42.2
1017,1996,9,Punjab,S.B.S Nagar,40.9,40.9
1017,1997,9,Punjab,S.B.S Nagar,43.0,43.0
1017,1998,9,Punjab,S.B.S Nagar,45.75,45.75
1017,1999,9,Punjab,S.B.S Nagar,45.79,45.79
1017,2000,9,Punjab,S.B.S Nagar,46.34,46.34
1017,2001,9,Punjab,S.B.S Nagar,44.65,44.65
1017,2002,9,Punjab,S.B.S Nagar,42.76,42.76
1017,2003,9,Punjab,S.B.S Nagar,46.97,46.97
1017,2004,9,Punjab,S.B.S Nagar,49.55,49.55
1017,2005,9,Punjab,S.B.S Nagar,49.03,49.03
1017,2006,9,Punjab,S.B.S Nagar,52.97,52.97
1017,2007,9,Punjab,S.B.S Nagar,49.62,49.62
1017,2008,9,Punjab,S.B.S Nagar,51.6,51.6
1017,2009,9,Punjab,S.B.S Nagar,55.86,55.86
1017,2010,9,Punjab,S.B.S Nagar,57.9,57.9
1017,2011,9,Punjab,S.B.S Nagar,57.32,57.32
1017,2012,9,Punjab,S.B.S Nagar,56.89,56.89
1017,2013,9,Punjab,S.B.S Nagar,55.86,55.86
1017,2014,9,Punjab,S.B.S Nagar,57.0,57.0
1017,2015,9,Punjab,S.B.S Nagar,58.57,58.57
1017,2016,9,Punjab,S.B.S Nagar,59.58,59.58
1017,2017,9,Punjab,S.B.S Nagar,60.24,60.24
1017,2018,9,Punjab,S.B.S Nagar,60.299,60.299
1017,2019,9,Punjab,S.B.S Nagar,60.033,60.033
1018,1995,9,Punjab,Shri Mukatsar Sahib,5.8,5.8
1018,1996,9,Punjab,Shri Mukatsar Sahib,18.6,18.6
1018,1997,9,Punjab,Shri Mukatsar Sahib,27.2,27.2
1018,1998,9,Punjab,Shri Mukatsar Sahib,76.72,76.72
1018,1999,9,Punjab,Shri Mukatsar Sahib,91.01,91.01
1018,2000,9,Punjab,Shri Mukatsar Sahib,89.19,89.19
1018,2001,9,Punjab,Shri Mukatsar Sahib,64.8,64.8
1018,2002,9,Punjab,Shri Mukatsar Sahib,83.01,83.01
1018,2003,9,Punjab,Shri Mukatsar Sahib,87.07,87.07
1018,2004,9,Punjab,Shri Mukatsar Sahib,85.6,85.6
1018,2005,9,Punjab,Shri Mukatsar Sahib,77.27,77.27
1018,2006,9,Punjab,Shri Mukatsar Sahib,68.14,68.14
1018,2007,9,Punjab,Shri Mukatsar Sahib,67.69,67.69
1018,2008,9,Punjab,Shri Mukatsar Sahib,95.63,95.63
1018,2009,9,Punjab,Shri Mukatsar Sahib,100.0,100.0
1018,2010,9,Punjab,Shri Mukatsar Sahib,111.1,111.1
1018,2011,9,Punjab,Shri Mukatsar Sahib,112.53,112.53
1018,2012,9,Punjab,Shri Mukatsar Sahib,118.12,118.12
1018,2013,9,Punjab,Shri Mukatsar Sahib,114.94,114.94
1018,2014,9,Punjab,Shri Mukatsar Sahib,134.53,134.53
1018,2015,9,Punjab,Shri Mukatsar Sahib,158.34,158.34
1018,2016,9,Punjab,Shri Mukatsar Sahib,172.84,172.84
1018,2017,9,Punjab,Shri Mukatsar Sahib,173.22,173.22
1018,2018,9,Punjab,Shri Mukatsar Sahib,178.589,178.589
1018,2019,9,Punjab,Shri Mukatsar Sahib,189.685,189.685
1019,1995,9,Punjab,Moga,108.4,108.4
1019,1996,9,Punjab,Moga,102.4,102.4
1019,1997,9,Punjab,Moga,107.5,107.5
1019,1998,9,Punjab,Moga,118.0,118.0
1019,1999,9,Punjab,Moga,116.71,116.71
1019,2000,9,Punjab,Moga,159.45,159.45
1019,2001,9,Punjab,Moga,151.67,151.67
1019,2002,9,Punjab,Moga,149.31,149.31
1019,2003,9,Punjab,Moga,163.21,163.21
1019,2004,9,Punjab,Moga,163.8,163.8
1019,2005,9,Punjab,Moga,167.22,167.22
1019,2006,9,Punjab,Moga,167.64,167.64
1019,2007,9,Punjab,Moga,169.25,169.25
1019,2008,9,Punjab,Moga,173.64,173.64
1019,2009,9,Punjab,Moga,172.11,172.11
1019,2010,9,Punjab,Moga,171.7,171.7
1019,2011,9,Punjab,Moga,173.51,173.51
1019,2012,9,Punjab,Moga,175.84,175.84
1019,2013,9,Punjab,Moga,176.47,176.47
1019,2014,9,Punjab,Moga,177.06,177.06
1019,2015,9,Punjab,Moga,182.69,182.69
1019,2016,9,Punjab,Moga,178.15,178.15
1019,2017,9,Punjab,Moga,180.88,180.88
1019,2018,9,Punjab,Moga,181.343,181.343
1019,2019,9,Punjab,Moga,181.307,181.307
